,uuid,published,score,community_name
0,BOERRW8N26WEYZQSOVC7XUSJ,1584415383.0,4017,Python
1,BOERVITLEFY7M6DJVZ4YV8YR,1572049260.0,2652,Python
2,BOERVY6NBND8V99VK3TIZ6EB,1545363792.0,2629,Python
3,BOERSQYQWLQHH5JG14PC5PNN,1585922858.0,3659,Python
4,BOERR1IJ7S2CGTY5CLZ3PZXF,1581952351.0,4250,Python
5,BOERSJA7Y00YUM3A72D23QXV,1579532704.0,3712,Python
6,BOERVQI4D1NQ8PTPQ1H8X7OJ,1587099631.0,2648,Python
7,BOERVB52FU8OZMXE1WSOTA8Z,1513523430.0,2673,Python
8,BOERR9726DRV3DEB6OBDRYN7,1565051880.0,4231,Python
9,BOERTLOUR0KJZBC3DE2GDKIR,1500263444.0,2897,Python
10,BOERUO3HK14540KWJPRUNE3N,1583001879.0,2732,Python
11,BOERSBLOZEBG82N4D00S1S83,1581605253.0,3800,Python
12,BOERQTU096CTUAHZIJMTO17N,1513304665.0,4575,Python
13,BOERW5V6A92RHSQ1E65T1543,1546391920.0,2580,Python
14,BOERPZ3WERIRC4PC6A9PG6CJ,1587453099.0,10235,Python
15,BOERQ6SFDD89YO5I0CLZI52B,1513673276.0,6612,Python
16,BOERTTDDPMA2LUS97GEQFJ8J,1568124114.0,2841,Python
17,BOERSYN9V7G03OZLV71M7ODF,1491334855.0,3281,Python
18,BOERU11WO7ZL8E8F1IR0HHYB,1568396909.0,2836,Python
19,BOERUGEYLFEMHH4QPNFKLFDV,1574311671.0,2746,Python
20,BOERQEGYBYXSL7LNUEY9K3S3,1571972130.0,6449,Python
21,BOERU8QFMTP3UXOKVL3AJGO3,1582410957.0,2830,Python
22,BOERS3X60SLXLJ6YIXOHZTIB,1585513607.0,3836,Python
23,BOERTE0BSEV1CRVXJBQ6BLSZ,1574821589.0,3145,Python
24,BOERT6BSTT5IQ8FRP9DW9N37,1587485804.0,3147,Python
25,BOERUVS0IMTNQK12DS44PCTF,1584950840.0,2708,Python
26,BOERRGVL4ZHDPWUH0QNNTXCZ,1576137062.0,4222,Python
27,BOERQM5HAKNB7R1TOHAJM2HV,1570753290.0,5042,Python
28,BOERV3GJH8J6D3H87UGERBJ7,1588189566.0,2673,Python
29,BOERROK43L6WCGAMUSZXVW2R,1514604845.0,4138,Python
30,YETHNK6QY4IEWF0D0ZJGATR7,1513497708.0,102901,space
31,YETHR6RPADK7JLN483C787XF,1523779205.0,90756,space
32,YETHRM4R7KZ8SOJFW80RC5CZ,1498424357.0,88840,space
33,YETHOEWUSJCHEKT0D8WKIOMB,1512373214.0,100416,space
34,YETHMPGN3POCE97POQ6C2YW3,1554930532.0,132836,space
35,YETHO78BTXMYS1CUJ6KAGPWJ,1521027975.0,100429,space
36,YETHREG88Z9Q653A25OHA6N7,1555034950.0,89058,space
37,YETHQZ36BRUOX26YE0ZX697N,1581853805.0,91960,space
38,YETHMX562BDV0SNVISIM4XLV,1517978837.0,123075,space
39,YETHP9MYMY6JWQLNPI9OQJHF,1571616854.0,98599,space
40,YETHQC1LFYQ51FUGVTZ30D2B,1532555975.0,95615,space
41,YETHNZJSVBXG5HWOP480ER6R,1584259206.0,101947,space
42,YETHMHS453YTRPRJUNU2106B,1512893085.0,134284,space
43,YETHRTTA66ORF7ZLQAD1E42R,1567929603.0,88516,space
44,YETHLN20AP4R9JYWIEGXT5B7,1585544906.0,204219,space
45,YETHLUQJ9AU9W3F2CGT7V40Z,1491089212.0,199463,space
46,YETHPHBHLJW2JA1TJKLYSI77,1547438580.0,98309,space
47,YETHOMLDR52014967B8UKNC3,1548014617.0,99960,space
48,YETHPP00K5LL5THZDMY8UGWZ,1578860605.0,97006,space
49,YETHQ4D2HD0MEWEB1RMSYECJ,1514170879.0,96423,space
50,YETHM2F27WJSIMV86J5HX2QR,1550390406.0,173861,space
51,YETHPWOJIRB3SCY57PAIWFMR,1510526208.0,96977,space
52,YETHNRV9WQ7XIYGIV1VQCSGZ,1531687763.0,102058,space
53,YETHP1YFOCH1A75HVFXEOKRN,1577664493.0,99660,space
54,YETHOU9WPQRINNPC1DL4MM1V,1580630404.0,99928,space
55,YETHQJQ4EKFNNZAMPWBD2BS3,1515287944.0,94712,space
56,YETHN4TP0X3DNC41CUUW6WBN,1546223094.0,116436,space
57,YETHMA3L6I9B56BE0LHRZ1GJ,1568580809.0,148676,space
58,YETHQREND656AIQSJYNN4AHV,1509868804.0,93194,space
59,YETHNCI7ZISW9VK76X768V1F,1518336029.0,107452,space
60,2N9V5EVG5QAUM4X4CERG89CTF,1481875870.0,74109,Music
61,2N9V5II142JWES3R3LV8Z6QZN,1547863231.0,62853,Music
62,2N9V5IXE5ZRBG16NF9ZXJAOF7,1517720769.0,62174,Music
63,2N9V5FQ69KPOON2WZR0TCH7OJ,1553561575.0,68658,Music
64,2N9V5E0Q1VW0JMRBP2I341HYB,1578718993.0,80251,Music
65,2N9V5FIHQM3Z60JGTWYH2F8YR,1582680945.0,71006,Music
66,2N9V5IPPN15LXEN79FXL98PPF,1505981407.0,62456,Music
67,2N9V5IACL3Y6W5KAXRSWP4S9V,1502592244.0,62852,Music
68,2N9V5E8EKUHQ29ARUWKFE3GO3,1571605749.0,79569,Music
69,2N9V5GKWDF4IR58PN3A6GP2JN,1566801952.0,65721,Music
70,2N9V5HNB0852C9XYG9LVUYW4J,1561602649.0,64017,Music
71,2N9V5FAT7NI9NE00O2W4SDA8Z,1565674859.0,72378,Music
72,2N9V5DT1IXAB107VJ8FQTZJ8J,1520745731.0,84681,Music
73,2N9V5J52OYD0YNQ3L429TCN4Z,1515239138.0,62040,Music
74,2N9V5CYBF2VGYI22VW6DPRODF,1511324951.0,146524,Music
75,2N9V5D5ZY1H6H4LJ1Q8PZTN37,1508460650.0,100384,Music
76,2N9V5GSKWDQ89RS5SXCIQR19F,1524273597.0,65519,Music
77,2N9V5FXUSJBE79MD5L35MJ6EB,1486372992.0,68644,Music
78,2N9V5H09FCBXSEBLYREV0SZZ7,1549619501.0,65142,Music
79,2N9V5HFMH9JCTNEIAFJJKWXER,1481493683.0,64186,Music
80,2N9V5DDOH02VZR4Z7KB29VLSZ,1500603376.0,89960,Music
81,2N9V5H7XYAXNB0V24LH7AUYOZ,1481256690.0,64249,Music
82,2N9V5F34OOWK4RGKI8TSIBBJ7,1524468026.0,73363,Music
83,2N9V5GD7UGIT8IP9H97U6N3TV,1452523681.0,66481,Music
84,2N9V5G5JBHX3PW5TBF5HWL543,1512766590.0,66516,Music
85,2N9V5HUZJ6QRUWHEM3O850UUB,1475888142.0,63961,Music
86,2N9V5EG33T3FKVU80QMRO5FDV,1535717766.0,78931,Music
87,2N9V5DLCZYOLIDOFDEDEJXKIR,1504763145.0,87200,Music
88,2N9V5I2O25CHDJ0URXQKF2TK3,1530923170.0,63164,Music
89,2N9V5ENRMRP53IDO6KP3Y7E3N,1580251063.0,74763,Music
90,3N46HIEWYNPWUPY9I2R35KW83,1538353005.0,46893,food
91,3N46HM1HWZYYND4W99UVWIAEB,1537666842.0,40106,food
92,3N46HMGUYX6DOM7SKXZKGM7TV,1520214755.0,39974,food
93,3N46HJ9N2I4QX8425F0G9SR37,1568333878.0,44562,food
94,3N46HHK6UTB2S7SGUQHQ1D1CZ,1515900491.0,51426,food
95,3N46HJ1YJJJ1ELKLZKY3ZQSDF,1586155312.0,44712,food
96,3N46HM96FYKO5ZOCF3X86K943,1495200408.0,40069,food
97,3N46HLTTE1D94QLG3FSJMGBOJ,1526878873.0,40188,food
98,3N46HHRVDRWSAUBX0KK2BF02R,1523132513.0,51309,food
99,3N46HK4D6CJKZQ9USR9TE0LYB,1505361036.0,43862,food
100,3N46HL6RT5K4KUZ3LXLISAFJ7,1522050399.0,41206,food
101,3N46HIUA0KXBVZ15TQVRPOTNN,1570312984.0,45581,food
102,3N46HHCIBUPD9L90OWFDRB2N7,1499740998.0,52577,food
103,3N46HMOJHVS378R8QS1WQO6JN,1586507261.0,39823,food
104,3N46HGHS80AJ73381K60N37S3,1575623470.0,70708,food
105,3N46HGPGQYW8PPMO7E8CX56HV,1550088655.0,68099,food
106,3N46HKC1PB5AICTAYLC5O2KO3,1583534517.0,43644,food
107,3N46HJHBLGQGFUNIB92SJUPSZ,1530482468.0,44549,food
108,3N46HKJQ89R00ZCR4FEHY4JDV,1586032827.0,43118,food
109,3N46HKZ3A6YF28FNG3J6I8GTF,1585429596.0,41487,food
110,3N46HGX59XHY8C64D8AP7757N,1521087603.0,58878,food
111,3N46HKRER8CPJLW7A9GU86I3N,1546841324.0,42700,food
112,3N46HIMLHMBMDCHPNWTFFMUXV,1516521250.0,45821,food
113,3N46HJWONDXVH3QEMX7H3YN8J,1548623284.0,44195,food
114,3N46HJP04FC5YH6YH354TWOIR,1532489269.0,44465,food
115,3N46HLEGC45U3HIJRRNV2CE8Z,1569962049.0,41173,food
116,3N46HHZJWQIHTGVD6EMELGYSJ,1490079754.0,49736,food
117,3N46HH4TSW3NQYPKJ2D1H93XF,1586723659.0,54703,food
118,3N46HLM4V2RJM41ZXLQ7CECYR,1579045725.0,40364,food
119,3N46HI78FP47C3ETC8OQVIXIB,1575843310.0,47267,food
120,AV6T9LO2ZHU0F6GRBV3WIY8F7,1544250132.0,26789,Bitcoin
121,AV6T9PANXU327TNE327P9VMLF,1510901550.0,19769,Bitcoin
122,AV6T9PQ0ZRAH92QAEQCDTZK0Z,1513684581.0,18706,Bitcoin
123,AV6T9MIT3C8UHOMJZ7D9N63AB,1522751553.0,23575,Bitcoin
124,AV6T9KTCVNF6COAYOIUJEQDK3,1512064246.0,29318,Bitcoin
125,AV6T9MB4KDN4Z233TDAXD44KJ,1488923080.0,23655,Bitcoin
126,AV6T9PICGSORQG6U8WA1JXLB7,1507889188.0,18969,Bitcoin
127,AV6T9P2ZEVHCP73XX85CZTNVN,1513198857.0,20021,Bitcoin
128,AV6T9L11EM0VVAUEUCWVOSC9V,1517435219.0,28325,Bitcoin
129,AV6T9NDJ76NOK6SCMJMMRDY5F,1514056451.0,22656,Bitcoin
130,AV6T9OFXTZO85BHLFPYC5NRQB,1533605481.0,21161,Bitcoin
131,AV6T9M3G1F1FGFJNNJ8L325UR,1513054198.0,25724,Bitcoin
132,AV6T9KLOCOTGU1RIIOS74OEUB,1564021456.0,36847,Bitcoin
133,AV6T9PXPIPW6RP9QKKEQ41IQR,1534806566.0,18010,Bitcoin
134,AV6T9JQY8UEMRJLPVCIU0GJZ7,1511947524.0,48501,Bitcoin
135,AV6T9JYMRT0CA65616L6AIIOZ,1517740923.0,48473,Bitcoin
136,AV6T9NL7Q59E2TBSSDOZ1FWV7,1514429669.0,22421,Bitcoin
137,AV6T9MQHMAUK0B6051FLX8203,1524067480.0,23084,Bitcoin
138,AV6T9NSW93V3LFV8Y7RBBHVKZ,1509821830.0,22191,Bitcoin
139,AV6T9O89B12IMOY59VVZVLT0J,1512207293.0,21513,Bitcoin
140,AV6T9K6BARM1SSOM70NIKKHER,1511700902.0,42431,Bitcoin
141,AV6T9O0KS2GT42EP41TNLJUAR,1502617627.0,21869,Bitcoin
142,AV6T9LVRIGFPXT07HP68T074Z,1518938364.0,26322,Bitcoin
143,AV6T9N5UO81Z1K8WGPKAHBZFN,1513936324.0,22858,Bitcoin
144,AV6T9MY659G9IXPGAVHY7A0PV,1512013253.0,23067,Bitcoin
145,AV6T9ONMCY9XNY11LK0OFPQG3,1512097119.0,20819,Bitcoin
146,AV6T9L8PXKMLDXDV06Z7YUAZN,1513180971.0,28056,Bitcoin
147,AV6T9KDZTQ7RBF82CUPUUMG4J,1515299936.0,42048,Bitcoin
148,AV6T9OVAVWVN6KKHRE30PRP5V,1513286275.0,20159,Bitcoin
149,AV6T9LGEGJ8AWJXB611K8W9PF,1511000757.0,26953,Bitcoin
